文件名,文件夹名,图片链接
E5-Main.jpg,WSP5,https://media.githubusercontent.com/media/LightsOutTech/assets-library/main/productimage/WSP5/E5-Main.jpg
E60-Main.jpg,WSP54,https://media.githubusercontent.com/media/LightsOutTech/assets-library/main/productimage/WSP54/E60-Main.jpg
E61-Main.jpg,WSP55,https://media.githubusercontent.com/media/LightsOutTech/assets-library/main/productimage/WSP55/E61-Main.jpg
E63-Main.jpg,WSP7,https://media.githubusercontent.com/media/LightsOutTech/assets-library/main/productimage/WSP7/E63-Main.jpg
E64-Main.jpg,WSP5,https://media.githubusercontent.com/media/LightsOutTech/assets-library/main/productimage/WSP5/E64-Main.jpg
E65-Main.jpg,WSP2,https://media.githubusercontent.com/media/LightsOutTech/assets-library/main/productimage/WSP2/E65-Main.jpg
E67-Main.jpg,WSP2,https://media.githubusercontent.com/media/LightsOutTech/assets-library/main/productimage/WSP2/E67-Main.jpg
E69-Main.jpg,WSP55,https://media.githubusercontent.com/media/LightsOutTech/assets-library/main/productimage/WSP55/E69-Main.jpg
E71-Main.jpg,WSP16,https://media.githubusercontent.com/media/LightsOutTech/assets-library/main/productimage/WSP16/E71-Main.jpg
E72-Main.jpg,WSP10,https://media.githubusercontent.com/media/LightsOutTech/assets-library/main/productimage/WSP10/E72-Main.jpg
E74-Main.jpg,WSP54,https://media.githubusercontent.com/media/LightsOutTech/assets-library/main/productimage/WSP54/E74-Main.jpg
E75-Main.jpg,WSP7,https://media.githubusercontent.com/media/LightsOutTech/assets-library/main/productimage/WSP7/E75-Main.jpg
E76-Main.jpg,WSP8,https://media.githubusercontent.com/media/LightsOutTech/assets-library/main/productimage/WSP8/E76-Main.jpg
E77-Main.jpg,WSP10,https://media.githubusercontent.com/media/LightsOutTech/assets-library/main/productimage/WSP10/E77-Main.jpg
E78-Main.jpg,WSP5,https://media.githubusercontent.com/media/LightsOutTech/assets-library/main/productimage/WSP5/E78-Main.jpg
E79-Main.jpg,WSP9,https://media.githubusercontent.com/media/LightsOutTech/assets-library/main/productimage/WSP9/E79-Main.jpg
E80-Main.jpg,WSP54,https://media.githubusercontent.com/media/LightsOutTech/assets-library/main/productimage/WSP54/E80-Main.jpg
E81-Main.jpg,WSP7,https://media.githubusercontent.com/media/LightsOutTech/assets-library/main/productimage/WSP7/E81-Main.jpg
E82-Main.jpg,WSP2,https://media.githubusercontent.com/media/LightsOutTech/assets-library/main/productimage/WSP2/E82-Main.jpg
E83-Main.jpg,WSP8,https://media.githubusercontent.com/media/LightsOutTech/assets-library/main/productimage/WSP8/E83-Main.jpg
E84-Main.jpg,WSP16,https://media.githubusercontent.com/media/LightsOutTech/assets-library/main/productimage/WSP16/E84-Main.jpg
E85-Main.jpg,WSP10,https://media.githubusercontent.com/media/LightsOutTech/assets-library/main/productimage/WSP10/E85-Main.jpg
E86-Main.jpg,WSP5,https://media.githubusercontent.com/media/LightsOutTech/assets-library/main/productimage/WSP5/E86-Main.jpg
E87-Main.jpg,WSP9,https://media.githubusercontent.com/media/LightsOutTech/assets-library/main/productimage/WSP9/E87-Main.jpg
E88-Main.jpg,WSP10,https://media.githubusercontent.com/media/LightsOutTech/assets-library/main/productimage/WSP10/E88-Main.jpg
E89-Main.jpg,WSP16,https://media.githubusercontent.com/media/LightsOutTech/assets-library/main/productimage/WSP16/E89-Main.jpg
E90-Main.jpg,WSP55,https://media.githubusercontent.com/media/LightsOutTech/assets-library/main/productimage/WSP55/E90-Main.jpg
E91-Main.jpg,WSP8,https://media.githubusercontent.com/media/LightsOutTech/assets-library/main/productimage/WSP8/E91-Main.jpg
E92-Main.jpg,WSP9,https://media.githubusercontent.com/media/LightsOutTech/assets-library/main/productimage/WSP9/E92-Main.jpg
E93-Main.jpg,WSP54,https://media.githubusercontent.com/media/LightsOutTech/assets-library/main/productimage/WSP54/E93-Main.jpg
E94-Main.jpg,WSP16,https://media.githubusercontent.com/media/LightsOutTech/assets-library/main/productimage/WSP16/E94-Main.jpg
E95-Main.jpg,WSP10,https://media.githubusercontent.com/media/LightsOutTech/assets-library/main/productimage/WSP10/E95-Main.jpg
E96-Main.jpg,WSP55,https://media.githubusercontent.com/media/LightsOutTech/assets-library/main/productimage/WSP55/E96-Main.jpg
E97-Main.jpg,WSP8,https://media.githubusercontent.com/media/LightsOutTech/assets-library/main/productimage/WSP8/E97-Main.jpg
E98-Main.jpg,WSP9,https://media.githubusercontent.com/media/LightsOutTech/assets-library/main/productimage/WSP9/E98-Main.jpg
E99-Main.jpg,WSP54,https://media.githubusercontent.com/media/LightsOutTech/assets-library/main/productimage/WSP54/E99-Main.jpg
E100-Main.jpg,WSP16,https://media.githubusercontent.com/media/LightsOutTech/assets-library/main/productimage/WSP16/E100-Main.jpg
E101-Main.jpg,WSP10,https://media.githubusercontent.com/media/LightsOutTech/assets-library/main/productimage/WSP10/E101-Main.jpg
E102-Main.jpg,WSP7,https://media.githubusercontent.com/media/LightsOutTech/assets-library/main/productimage/WSP7/E102-Main.jpg
E103-Main.jpg,WSP5,https://media.githubusercontent.com/media/LightsOutTech/assets-library/main/productimage/WSP5/E103-Main.jpg
E104-Main.jpg,WSP7,https://media.githubusercontent.com/media/LightsOutTech/assets-library/main/productimage/WSP7/E104-Main.jpg
E105-Main.jpg,WSP54,https://media.githubusercontent.com/media/LightsOutTech/assets-library/main/productimage/WSP54/E105-Main.jpg
E106-Main.jpg,WSP7,https://media.githubusercontent.com/media/LightsOutTech/assets-library/main/productimage/WSP7/E106-Main.jpg
E107-Main.jpg,WSP16,https://media.githubusercontent.com/media/LightsOutTech/assets-library/main/productimage/WSP16/E107-Main.jpg
E108-Main.jpg,WSP10,https://media.githubusercontent.com/media/LightsOutTech/assets-library/main/productimage/WSP10/E108-Main.jpg
E109-Main.jpg,WSP5,https://media.githubusercontent.com/media/LightsOutTech/assets-library/main/productimage/WSP5/E109-Main.jpg
